Workbook

Sheet 01 Overblik
A1: GOLDEN SET V3.2 | FUSION V3.1 + V2
A3: Version | B3: 3.2
A4: Status | B4: Alle 64 spørgsmål GODKENDT; facit/evidens afventer faglig verifikation
A5: Korpus | B5: 8 aktive Quick Guides
A6: Testcases | B6: =COUNTA('03 Testspørgsmål'!A2:A65) -> 64
A7: Svarbare | B7: =COUNTIF('03 Testspørgsmål'!E2:E65,"ANSWERABLE") -> 56
A8: Ikke-svarbare | B8: =COUNTIF('03 Testspørgsmål'!E2:E65,"UNANSWERABLE") -> 8
A9: Spørgsmål godkendt | B9: =COUNTIF('03 Testspørgsmål'!H2:H65,"GODKENDT") -> 64
A10: Facit godkendt af KerneGruppen | B10: =COUNTIF('04 Gold Standard'!M2:M65,"Godkendt") -> 0
A11: Gold Evidence-rækker | B11: =COUNTA('05 Gold Evidence'!B2:B79) -> 78
A12: Gold Claims-rækker | B12: =COUNTA('06 Gold Claims'!B2:B224) -> 223
A13: Syntese med flere dokumenter | B13: 14
A14: Kendt kildekonflikt | B14: NUM4/NUM6 – fortsat uafklaret; bruges ikke som entydigt facit
A15: Baseline-ID | B15: FASTSÆTTES VED LÅSNING
A16: Korpus låst dato | B16: FASTSÆTTES VED LÅSNING
A17: Testbesvarelser indsamlet | B17: =COUNTIF('07 Testresultater'!R2:R65,"BESTÅET")+COUNTIF('07 Testresultater'!R2:R65,"IKKE BESTÅET")+COUNTIF('07 Testresultater'!R2:R65,"KRITISK FEJL") -> 0
A18: Bestået (målte cases) | B18: =COUNTIF('07 Testresultater'!R2:R65,"BESTÅET") -> 0
A19: Kritiske fejl | B19: =COUNTIF('07 Testresultater'!R2:R65,"KRITISK FEJL") -> 0
A20: Beslutningsgrundlag | B20: Spørgsmål er godkendt; faglig verifikation og baselinefastlåsning mangler

Sheet 02 Dokumentkortlægning
A1: Kilde-ID | B1: Filnavn | C1: Fagområde | D1: Dokumentdato | E1: Status | F1: Indgår i baseline? | G1: Tilladte afsnit | H1: Ekskluderede afsnit | I1: Kendt konflikt? | J1: Datakvalitet
A2: QG-01 | B2: Q Guide_arbejdslister_IDS7.docx | C2: Arbejdslister | D2: 21.03.2025 | E2: Aktiv | F2: Ja | I2: Nej | J2: Søgning, filtre, kolonner, arbejdslister.
A3: QG-02 | B3: Q Guide_beskriver.docx | C3: Beskriver | E3: Aktiv | F3: Ja | H3: Strukturerede rapporter / repetitionsworkflow | I3: Nej | J3: Afsnit med xxxx/ufærdigt ikon udelades.
A4: QG-03 | B4: Q Guide_Billedområde.docx | C4: Billedområde | E4: Aktiv | F4: Ja | H4: Gem visning og præsentationer; NUM4/NUM6-facit | I4: Ja | J4: Udkast samt genvejskonflikt.
A5: QG-04 | B5: Q Guide_booking.docx | C5: Booking | E5: Aktiv | F5: Ja | H5: Booking-overblik xxxx; kalenderbrugerindstillinger | I5: Nej | J5: Ufærdige dele udelades.
A6: QG-05 | B6: Q Guide_Genvejsninja.docx | C6: Genvejs-ninja | D6: 17.12.2023 | E6: Aktiv | F6: Ja | H6: NUM4/NUM6-facit | I6: Ja | J6: NUM4/NUM6 afviger fra Billedområde.
A7: QG-06 | B7: Q Guide_Konferencer.docx | C7: Konferencer | E7: Aktiv | F7: Ja | I7: Nej | J7: Versionstjek kræves.
A8: QG-07 | B8: Q Guide_Protokollering.docx | C8: Protokollering | E8: Aktiv | F8: Ja | I8: Nej | J8: Versionstjek kræves.
A9: QG-08 | B9: Q Guide_Udførende.docx | C9: Udførende | D9: 13.04.2023 | E9: Aktiv | F9: Ja | H9: WIP-genveje | I9: Nej | J9: Versionstjek kræves.

Sheet 03 Testspørgsmål
A1: ID | B1: Fagområde | C1: Kategori | D1: Testspørgsmål | E1: Answerability | F1: Response mode | G1: Conflict expected? | H1: Spørgsmålsstatus | I1: Klar til blindtest? | J1: Oprindelig testtype (V2) | K1: Diagnostisk formål (V2) | L1: Antal evidensrækker | M1: Antal claims | N1: Facitstatus
A2: GS-001 | B2: Arbejdslister | C2: Terminologiske spørgsmål | D2: Jeg har ikke de arbejdslister, der passer til mine opgaver. Hvor kan jeg finde dem? | E2: ANSWERABLE | F2: DIRECT | G2: Nej | H2: GODKENDT | I2: Afventer facit-/kildeverifikation | J2: Procedure | K2: Omformulering: 'arbejdslistegruppe' nævnes ikke i spørgsmålet. | L2: =COUNTIF('05 Gold Evidence'!$A$2:$A$79,A2) -> 1 | M2: =COUNTIF('06 Gold Claims'!$A$2:$A$224,A2) -> 4 | N2: ='04 Gold Standard'!M2 -> AFVENTER
A3: GS-002 | B3: Arbejdslister | C3: Tvetydige/svære spørgsmål | D3: Hvordan finder jeg de relevante undersøgelser i IDS7, når jeg ikke ved, om jeg skal bruge filter eller søgning? | E3: ANSWERABLE | F3: CONDITIONAL | G3: Nej | H3: GODKENDT | I3: Afventer facit-/kildeverifikation | J3: Advarsel | K3: Tvetydigt behov: søgelinje, søgepanel, kolonnefilter eller hurtigfilter. | L3: =COUNTIF('05 Gold Evidence'!$A$2:$A$79,A3) -> 1 | M3: =COUNTIF('06 Gold Claims'!$A$2:$A$224,A3) -> 4 | N3: ='04 Gold Standard'!M3 -> AFVENTER
A4: GS-003 | B4: Arbejdslister | C4: Simple opslagsspørgsmål | D4: Hvilken genvej åbner søgelinjen i IDS7, og hvor må et wildcard ikke placeres her? | E4: ANSWERABLE | F4: DIRECT | G4: Nej | H4: GODKENDT | I4: Afventer facit-/kildeverifikation | J4: Opslag | K4: Direkte kildebaseret opslag. | L4: =COUNTIF('05 Gold Evidence'!$A$2:$A$79,A4) -> 1 | M4: =COUNTIF('06 Gold Claims'!$A$2:$A$224,A4) -> 3 | N4: ='04 Gold Standard'!M4 -> AFVENTER
A5: GS-004 | B5: Arbejdslister | C5: Syntesespørgsmål | D5: Hvordan vælger jeg mellem hurtig søgning på en patient, søgning med flere kriterier og filtrering på undersøgelsesnavn i IDS7? | E5: ANSWERABLE | F5: SYNTHESIS | G5: Nej | H5: GODKENDT | I5: Afventer facit-/kildeverifikation | J5: Procedure | K5: Syntese fra tre separate søgeafsnit. | L5: =COUNTIF('05 Gold Evidence'!$A$2:$A$79,A5) -> 1 | M5: =COUNTIF('06 Gold Claims'!$A$2:$A$224,A5) -> 2 | N5: ='04 Gold Standard'!M5 -> AFVENTER
A6: GS-005 | B6: Arbejdslister | C6: Terminologiske spørgsmål | D6: Jeg vil se undersøgelser, hvor navnet indeholder enten 'abd' eller 'cer'. Kan det klares med ét kolonnefilter? | E6: ANSWERABLE | F6: DIRECT | G6: Nej | H6: GODKENDT | I6: Afventer facit-/kildeverifikation | J6: Opslag | K6: Brugersprog frem for kildeordet 'wildcard'/'ELLER-operator'. | L6: =COUNTIF('05 Gold Evidence'!$A$2:$A$79,A6) -> 1 | M6: =COUNTIF('06 Gold Claims'!$A$2:$A$224,A6) -> 4 | N6: ='04 Gold Standard'!M6 -> AFVENTER
A7: GS-006 | B7: Arbejdslister | C7: Simple opslagsspørgsmål | D7: Hvordan får man standardkolonner og standardsortering tilbage, efter at brugeren har ændret begge dele? | E7: ANSWERABLE | F7: DIRECT | G7: Nej | H7: GODKENDT | I7: Afventer facit-/kildeverifikation | J7: Procedure | K7: Direkte kildebaseret opslag. | L7: =COUNTIF('05 Gold Evidence'!$A$2:$A$79,A7) -> 1 | M7: =COUNTIF('06 Gold Claims'!$A$2:$A$224,A7) -> 4 | N7: ='04 Gold Standard'!M7 -> AFVENTER
A8: GS-007 | B8: Arbejdslister | C8: Tvetydige/svære spørgsmål | D8: Jeg vil gerne lave min egen liste i IDS7. Kan jeg gøre det? | E8: ANSWERABLE | F8: CONDITIONAL | G8: Nej | H8: GODKENDT | I8: Afventer facit-/kildeverifikation | J8: Advarsel | K8: Tvetydig hensigt: brugerdefineret standardliste eller særlig personlig liste. | L8: =COUNTIF('05 Gold Evidence'!$A$2:$A$79,A8) -> 1 | M8: =COUNTIF('06 Gold Claims'!$A$2:$A$224,A8) -> 4 | N8: ='04 Gold Standard'!M8 -> AFVENTER
A9: GS-008 | B9: Beskriver | C9: Terminologiske spørgsmål | D9: Hvor finder jeg som beskriver mine egne udkast og undersøgelser, som jeg skal gennemgå eller rette? | E9: ANSWERABLE | F9: DIRECT | G9: Nej | H9: GODKENDT | I9: Afventer facit-/kildeverifikation | J9: Opslag | K9: Formuleret uden navnet 'Allokeret til mig'. | L9: =COUNTIF('05 Gold Evidence'!$A$2:$A$79,A9) -> 1 | M9: =COUNTIF('06 Gold Claims'!$A$2:$A$224,A9) -> 4 | N9: ='04 Gold Standard'!M9 -> AFVENTER
A10: GS-009 | B10: Beskriver | C10: Syntesespørgsmål | D10: En undersøgelse er godkendt til beskrivelse, men henvisningen indeholder flere undersøgelser. Hvilke kan komme med i ét samlet svar, og hvordan styrer man valget? | E10: ANSWERABLE | F10: SYNTHESIS | G10: Nej | H10: GODKENDT | I10: Afventer facit-/kildeverifikation | J10: Procedure | K10: Syntese af udførelse/godkendelse og beskrivelses-scope. | L10: =COUNTIF('05 Gold Evidence'!$A$2:$A$79,A10) -> 2 | M10: =COUNTIF('06 Gold Claims'!$A$2:$A$224,A10) -> 5 | N10: ='04 Gold Standard'!M10 -> AFVENTER
A11: GS-010 | B11: Beskriver | C11: Tvetydige/svære spørgsmål | D11: Jeg kan ikke oprette en beskrivelse. Hvad kan være galt? | E11: ANSWERABLE | F11: CONDITIONAL | G11: Nej | H11: GODKENDT | I11: Afventer facit-/kildeverifikation | J11: Advarsel | K11: Bevidst underspecificeret fejlsymptom. | L11: =COUNTIF('05 Gold Evidence'!$A$2:$A$79,A11) -> 2 | M11: =COUNTIF('06 Gold Claims'!$A$2:$A$224,A11) -> 4 | N11: ='04 Gold Standard'!M11 -> AFVENTER
A12: GS-011 | B12: Beskriver | C12: Terminologiske spørgsmål | D12: Jeg skal samle flere billeder/undersøgelser i samme beskrivelsestekst. Hvordan lægger jeg dem sammen, før jeg skriver? | E12: ANSWERABLE | F12: DIRECT | G12: Nej | H12: GODKENDT | I12: Afventer facit-/kildeverifikation | J12: Procedure | K12: Semantisk omskrivning af 'tilføj undersøgelser ad hoc'. | L12: =COUNTIF('05 Gold Evidence'!$A$2:$A$79,A12) -> 1 | M12: =COUNTIF('06 Gold Claims'!$A$2:$A$224,A12) -> 4 | N12: ='04 Gold Standard'!M12 -> AFVENTER
A13: GS-012 | B13: Beskriver | C13: Syntesespørgsmål | D13: Hvordan kan en læge oprette en ny beskrivelse via tastaturet og derefter sikre, at den kan gemmes som kladde? | E13: ANSWERABLE | F13: SYNTHESIS | G13: Nej | H13: GODKENDT | I13: Afventer facit-/kildeverifikation | J13: Procedure | K13: Syntese af tastaturguide og den faglige beskrivelsesprocedure. | L13: =COUNTIF('05 Gold Evidence'!$A$2:$A$79,A13) -> 2 | M13: =COUNTIF('06 Gold Claims'!$A$2:$A$224,A13) -> 4 | N13: ='04 Gold Standard'!M13 -> AFVENTER
... A65: GS-064 | B65: Udførende | C65: Ikke-svarbare spørgsmål | D65: Hvad er den aktuelle telefonliste med navne og vagtnumre til alle Sectra-systemadministratorer? | E65: UNANSWERABLE | F65: DIRECT | G65: Nej | H65: GODKENDT | I65: Afventer facit-/kildeverifikation | J65: Afstå | K65: Bevidst negativ test: intet grundlag i de 8 aktive Quick Guides. | L65: =COUNTIF('05 Gold Evidence'!$A$2:$A$79,A65) -> 1 | M65: =COUNTIF('06 Gold Claims'!$A$2:$A$224,A65) -> 3 | N65: ='04 Gold Standard'!M65 -> AFVENTER

Sheet 04 Gold Standard
A1: ID | B1: Fagområde | C1: Kategori | D1: Testspørgsmål | E1: Expected behavior | F1: Forventet svar / facit | G1: Minimumskrav | H1: Claims-reference | I1: Evidence sufficiency | J1: Evidence consistency | K1: Spørgsmålsstatus | L1: Reviewbemærkning | M1: Facit godkendelse (KerneGruppen) | N1: Henvisningskrav (V2) | O1: Alvor ved fejlsvar (V2) | P1: Påkrævede dokumenter (V2)
A2: GS-001 | B2: Arbejdslister | C2: Terminologiske spørgsmål | D2: Jeg har ikke de arbejdslister, der passer til mine opgaver. Hvor kan jeg finde dem? | E2: DIRECT | F2: Vælg arbejdslistegruppen i fanen til venstre for den aktuelle funktion. Hver gruppe indeholder relevante lister; yderligere lister kan trækkes fra Alle arbejdslister. Guiden anbefaler de opsatte grupper. | G2: Relevant gruppe i venstre fane; Alle arbejdslister; brug de opsatte grupper. | H2: Se 06 Gold Claims | I2: SUFFICIENT | J2: CONSISTENT | K2: GODKENDT | M2: AFVENTER | N2: Citat fra relevant faglig kilde | O2: Middel | P2: Q Guide_arbejdslister_IDS7.docx
A3: GS-002 | B3: Arbejdslister | C3: Tvetydige/svære spørgsmål | D3: Hvordan finder jeg de relevante undersøgelser i IDS7, når jeg ikke ved, om jeg skal bruge filter eller søgning? | E3: CONDITIONAL | F3: Det afhænger af behovet. Spørg, om brugeren vil søge efter en bestemt patient/undersøgelse, filtrere en kolonne eller afgrænse en arbejdsliste med hurtigfilter. Guiden beskriver søgelinje (CTRL-G), søgepanel (CTRL-F), kolonnefiltrering og hurtigfiltre. Flere hurtigfiltre giver summen af filtrene – ikke automatisk en OG-fællesmængde. | G3: Undersøg søgebehovet; foreslå relevant mekanisme; advar om summering ved flere hurtigfiltre. | H3: Se 06 Gold Claims | I3: SUFFICIENT | J3: CONSISTENT | K3: GODKENDT | M3: AFVENTER | N3: Betinget svar/afklaring med dokumenterede kilder | O3: Middel | P3: Q Guide_arbejdslister_IDS7.docx
A4: GS-003 | B4: Arbejdslister | C4: Simple opslagsspørgsmål | D4: Hvilken genvej åbner søgelinjen i IDS7, og hvor må et wildcard ikke placeres her? | E4: DIRECT | F4: CTRL-G åbner søgelinjen. Man kan søge på personnummer, navn eller dele heraf og bruge * som wildcard, men ikke som første karakter i søgelinjen. | G4: CTRL-G; * kan ikke stå først i denne søgelinje. | H4: Se 06 Gold Claims | I4: SUFFICIENT | J4: CONSISTENT | K4: GODKENDT | M4: AFVENTER | N4: Citat fra relevant faglig kilde | O4: Middel | P4: Q Guide_arbejdslister_IDS7.docx
A5: GS-004 | B5: Arbejdslister | C5: Syntesespørgsmål | D5: Hvordan vælger jeg mellem hurtig søgning på en patient, søgning med flere kriterier og filtrering på undersøgelsesnavn i IDS7? | E5: SYNTHESIS | F5: Til hurtig søgning efter personnummer eller navn bruges søgelinjen (CTRL-G). Til søgning med et eller flere kriterier bruges Søgepanel (CTRL-F eller Vis > Søgepanel) og eventuelt Avanceret søgning. Til filtrering i en vist kolonne bruges kolonnens filtreringsfelt; her kan * og | bruges til mønstre og ELLER-søgning. | G5: Rigtigt valg af alle tre søgemetoder og korrekt skelnen mellem dem. | H5: Se 06 Gold Claims | I5: SUFFICIENT | J5: CONSISTENT | K5: GODKENDT | M5: AFVENTER | N5: Citat fra relevant faglig kilde | O5: Middel | P5: Q Guide_arbejdslister_IDS7.docx
A6: GS-005 | B6: Arbejdslister | C6: Terminologiske spørgsmål | D6: Jeg vil se undersøgelser, hvor navnet indeholder enten 'abd' eller 'cer'. Kan det klares med ét kolonnefilter? | E6: DIRECT | F6: I kolonnens filtreringsfelt kan man bruge wildcard * og tegnet | som ELLER, fx *abd|*cer for undersøgelsesnavn. | G6: * og |; eksempel *abd|*cer; ELLER-betydning. | H6: Se 06 Gold Claims | I6: SUFFICIENT | J6: CONSISTENT | K6: GODKENDT | M6: AFVENTER | N6: Citat fra relevant faglig kilde | O6: Middel | P6: Q Guide_arbejdslister_IDS7.docx
A7: GS-006 | B7: Arbejdslister | C7: Simple opslagsspørgsmål | D7: Hvordan får man standardkolonner og standardsortering tilbage, efter at brugeren har ændret begge dele? | E7: DIRECT | F7: Højreklik på kolonneoverskriften og vælg Nulstil kolonner og sortering. Nulstil sortering alene gendanner kun sorteringen. | G7: Højreklik; Nulstil kolonner og sortering; skeln fra Nulstil sortering. | H7: Se 06 Gold Claims | I7: SUFFICIENT | J7: CONSISTENT | K7: GODKENDT | M7: AFVENTER | N7: Citat fra relevant faglig kilde | O7: Middel | P7: Q Guide_arbejdslister_IDS7.docx
A8: GS-007 | B8: Arbejdslister | C8: Tvetydige/svære spørgsmål | D8: Jeg vil gerne lave min egen liste i IDS7. Kan jeg gøre det? | E8: CONDITIONAL | F8: Det afhænger af formålet. Spørg, om listen skal erstatte en almindelig booking-/dagsprogram-/skriveliste, eller om det er en særlig personlig eller statisk liste. Egne lister bør ikke erstatte de normale opsatte arbejdslistegrupper. Til særbehov: højreklik på Brugerarbejdslister og vælg Ny arbejdsliste eller Ny statisk arbejdsliste. | G8: Afklar formålet; fraråd erstatning af normale lister; nævn hvor personlige/statiske lister oprettes. | H8: Se 06 Gold Claims | I8: SUFFICIENT | J8: CONSISTENT | K8: GODKENDT | M8: AFVENTER | N8: Betinget svar/afklaring med dokumenterede kilder | O8: Middel | P8: Q Guide_arbejdslister_IDS7.docx
A9: GS-008 | B9: Beskriver | C9: Terminologiske spørgsmål | D9: Hvor finder jeg som beskriver mine egne udkast og undersøgelser, som jeg skal gennemgå eller rette? | E9: DIRECT | F9: Bl.a. undersøgelser hvor den aktuelle bruger er reviewer, er tildelt korrigering, har egne kladder eller er granskende læge på endnu ikke endeligt signerede undersøgelser. | G9: Reviewer/korrigering; egne kladder; ikke endeligt signerede som granskende læge. | H9: Se 06 Gold Claims | I9: SUFFICIENT | J9: CONSISTENT | K9: GODKENDT | M9: AFVENTER | N9: Citat fra relevant faglig kilde | O9: Middel | P9: Q Guide_beskriver.docx
A10: GS-009 | B10: Beskriver | C10: Syntesespørgsmål | D10: En undersøgelse er godkendt til beskrivelse, men henvisningen indeholder flere undersøgelser. Hvilke kan komme med i ét samlet svar, og hvordan styrer man valget? | E10: SYNTHESIS | F10: Udførende-guiden angiver, at en undersøgelse skal godkendes, før en beskrivelse kan oprettes. Beskriver-guiden siger, at undersøgelser på henvisningen indgår i report-scope og kan vælges; forvalget afhænger af den underliggende arbejdsliste. Klik på det hvide dokument for til-/fravalg. Den aktuelle grønmarkerede undersøgelse må ikke være fravalgt ved start. | G10: Godkendelse som forudsætning; report-scope; til-/fravalg; grøn aktuel må ikke være fravalgt. | H10: Se 06 Gold Claims | I10: SUFFICIENT | J10: CONSISTENT | K10: GODKENDT | M10: AFVENTER | N10: Citat fra relevant faglig kilde | O10: Høj | P10: Q Guide_Udførende.docx | Q Guide_beskriver.docx
A11: GS-010 | B11: Beskriver | C11: Tvetydige/svære spørgsmål | D11: Jeg kan ikke oprette en beskrivelse. Hvad kan være galt? | E11: CONDITIONAL | F11: Det kan ikke afgøres entydigt uden flere oplysninger. Spørg bl.a., om undersøgelsen er godkendt, og om den aktuelle grønmarkerede undersøgelse er valgt til beskrivelsen. Udførende-guiden siger, at godkendelse kræves før beskrivelse; Beskriver-guiden siger, at en fravalgt aktuel undersøgelse hindrer start. Andre årsager kan ikke fastslås ud fra spørgsmålet alene. | G11: Angiv mindst to dokumenterede mulige forhold; efterspørg relevant status; undgå skråsikker diagnose. | H11: Se 06 Gold Claims | I11: SUFFICIENT | J11: CONSISTENT | K11: GODKENDT | M11: AFVENTER | N11: Betinget svar/afklaring med dokumenterede kilder | O11: Høj | P11: Q Guide_Udførende.docx | Q Guide_beskriver.docx
A12: GS-011 | B12: Beskriver | C12: Terminologiske spørgsmål | D12: Jeg skal samle flere billeder/undersøgelser i samme beskrivelsestekst. Hvordan lægger jeg dem sammen, før jeg skriver? | E12: DIRECT | F12: Før beskrivelsen er startet kan ekstra undersøgelser trækkes fra undersøgelseslisten til listen i beskrivelsesfanen. Alle undersøgelser på den tilføjede henvisning medtages; ved afsendelse kan de få samme beskrivelse. | G12: Før start; drag-and-drop; samlet beskrivelse med fælles svarafsendelse. | H12: Se 06 Gold Claims | I12: SUFFICIENT | J12: CONSISTENT | K12: GODKENDT | M12: AFVENTER | N12: Citat fra relevant faglig kilde | O12: Middel | P12: Q Guide_beskriver.docx
A13: GS-012 | B13: Beskriver | C13: Syntesespørgsmål | D13: Hvordan kan en læge oprette en ny beskrivelse via tastaturet og derefter sikre, at den kan gemmes som kladde? | E13: SYNTHESIS | F13: Genvejs-ninja angiver Enter som genvej til ny beskrivelse/tilføjelse. Beskriver-guiden angiver også Ny tom beskrivelse eller optageknappen på SpeechMike til at starte. Gem via gem-ikonet; der skal først være indsat tekst ud over selve skabelonen. | G13: Enter til start; gem-ikon; tekst ud over skabelon kræves. | H13: Se 06 Gold Claims | I13: SUFFICIENT | J13: CONSISTENT | K13: GODKENDT | M13: AFVENTER | N13: Citat fra relevant faglig kilde | O13: Middel | P13: Q Guide_Genvejsninja.docx | Q Guide_beskriver.docx
... A65: GS-064 | B65: Udførende | C65: Ikke-svarbare spørgsmål | D65: Hvad er den aktuelle telefonliste med navne og vagtnumre til alle Sectra-systemadministratorer? | E65: ABSTAIN | F65: Quick Guides indeholder ingen ajourført telefon-/vagtliste. | G65: Korrekt at afstå; henvis evt. til behov for opdateret autoritativ kilde. | H65: Se 06 Gold Claims | I65: INSUFFICIENT | J65: N/A | K65: GODKENDT | M65: AFVENTER | N65: Afstå; ingen opfundne værdier | O65: Høj | P65: Samlet korpus af 8 medtagne Quick Guides

Sheet 05 Gold Evidence
A1: ID | B1: Evidence-ID | C1: Kildedokument | D1: Kildeafsnit | E1: Gold passage / evidensnote (IKKE ordret citat) | F1: Side (efter verifikation) | G1: Corpus chunk ID (CIMT) | H1: Reviewstatus | I1: Evidenstype
A2: GS-001 | B2: GS-001-E01 | C2: Q Guide_arbejdslister_IDS7.docx | D2: Vælg arbejdslistegruppe | E2: Kun V2-opsummering, IKKE ordret citat: Relevant gruppe i venstre fane; Alle arbejdslister; brug de opsatte grupper. | H2: AFVENTER_PASSAGEVERIFIKATION | I2: KILDEAFSNIT
A3: GS-002 | B3: GS-002-E01 | C3: Q Guide_arbejdslister_IDS7.docx | D3: Søgning via søgelinje / Søgepanel / Filtrering på kolonner / Vælg (evt.) hurtigfilter | E3: Kun V2-opsummering, IKKE ordret citat: Undersøg søgebehovet; foreslå relevant mekanisme; advar om summering ved flere hurtigfiltre. | H3: AFVENTER_PASSAGEVERIFIKATION | I3: KILDEAFSNIT
A4: GS-003 | B4: GS-003-E01 | C4: Q Guide_arbejdslister_IDS7.docx | D4: Søgning via søgelinje (CTRL-G) | E4: Kun V2-opsummering, IKKE ordret citat: CTRL-G; * kan ikke stå først i denne søgelinje. | H4: AFVENTER_PASSAGEVERIFIKATION | I4: KILDEAFSNIT
A5: GS-004 | B5: GS-004-E01 | C5: Q Guide_arbejdslister_IDS7.docx | D5: Søgning via søgelinje (CTRL-G) / Søgepanel (CTRL-F) / Filtrering på kolonner | E5: Kun V2-opsummering, IKKE ordret citat: Rigtigt valg af alle tre søgemetoder og korrekt skelnen mellem dem. | H5: AFVENTER_PASSAGEVERIFIKATION | I5: KILDEAFSNIT
A6: GS-005 | B6: GS-005-E01 | C6: Q Guide_arbejdslister_IDS7.docx | D6: Filtrering på kolonner | E6: Kun V2-opsummering, IKKE ordret citat: * og |; eksempel *abd|*cer; ELLER-betydning. | H6: AFVENTER_PASSAGEVERIFIKATION | I6: KILDEAFSNIT
A7: GS-006 | B7: GS-006-E01 | C7: Q Guide_arbejdslister_IDS7.docx | D7: Nulstil kolonneopsætning og -sortering | E7: Kun V2-opsummering, IKKE ordret citat: Højreklik; Nulstil kolonner og sortering; skeln fra Nulstil sortering. | H7: AFVENTER_PASSAGEVERIFIKATION | I7: KILDEAFSNIT
A8: GS-007 | B8: GS-007-E01 | C8: Q Guide_arbejdslister_IDS7.docx | D8: Opret egen arbejdsliste | E8: Kun V2-opsummering, IKKE ordret citat: Afklar formålet; fraråd erstatning af normale lister; nævn hvor personlige/statiske lister oprettes. | H8: AFVENTER_PASSAGEVERIFIKATION | I8: KILDEAFSNIT
A9: GS-008 | B9: GS-008-E01 | C9: Q Guide_beskriver.docx | D9: Typer af skrivelister > Allokeret til mig | E9: Kun V2-opsummering, IKKE ordret citat: Reviewer/korrigering; egne kladder; ikke endeligt signerede som granskende læge. | H9: AFVENTER_PASSAGEVERIFIKATION | I9: KILDEAFSNIT
A10: GS-009 | B10: GS-009-E01 | C10: Q Guide_Udførende.docx | D10: Godkend undersøgelse | E10: Kun V2-opsummering, IKKE ordret citat: Godkendelse som forudsætning; report-scope; til-/fravalg; grøn aktuel må ikke være fravalgt. | H10: AFVENTER_PASSAGEVERIFIKATION | I10: KILDEAFSNIT
A11: GS-009 | B11: GS-009-E02 | C11: Q Guide_beskriver.docx | D11: Hvilke undersøgelser indgår i beskrivelsen | E11: Kun V2-opsummering, IKKE ordret citat: Godkendelse som forudsætning; report-scope; til-/fravalg; grøn aktuel må ikke være fravalgt. | H11: AFVENTER_PASSAGEVERIFIKATION | I11: KILDEAFSNIT
A12: GS-010 | B12: GS-010-E01 | C12: Q Guide_Udførende.docx | D12: Godkend undersøgelse | E12: Kun V2-opsummering, IKKE ordret citat: Angiv mindst to dokumenterede mulige forhold; efterspørg relevant status; undgå skråsikker diagnose. | H12: AFVENTER_PASSAGEVERIFIKATION | I12: KILDEAFSNIT
A13: GS-010 | B13: GS-010-E02 | C13: Q Guide_beskriver.docx | D13: Hvilke undersøgelser indgår i beskrivelsen > tip | E13: Kun V2-opsummering, IKKE ordret citat: Angiv mindst to dokumenterede mulige forhold; efterspørg relevant status; undgå skråsikker diagnose. | H13: AFVENTER_PASSAGEVERIFIKATION | I13: KILDEAFSNIT
... A79: GS-064 | B79: GS-064-E01 | C79: Samlet korpus af 8 medtagne Quick Guides | D79: Negativ test – samlet Quick Guide-korpus | E79: Negativ test. Der forventes ingen dokumenteret kildepassage; fravær skal verificeres mod FROSSET korpus. | H79: AFVENTER_KORPUSKONTROL | I79: NEGATIV_KORPUSKONTROL

Sheet 06 Gold Claims
A1: ID | B1: Claim-ID | C1: Claim-type | D1: Claim | E1: Required? | F1: Gold Evidence-ID(s) – foreløbig kobling | G1: Severity if violated | H1: Kildekoblingens status
A2: GS-001 | B2: GS-001-C01 | C2: REQUIRED | D2: Relevant gruppe i venstre fane | E2: Ja | F2: GS-001-E01 | G2: MEDIUM | H2: Afventer kilde/claim-match
A3: GS-001 | B3: GS-001-C02 | C3: REQUIRED | D3: Alle arbejdslister | E3: Ja | F3: GS-001-E01 | G3: MEDIUM | H3: Afventer kilde/claim-match
A4: GS-001 | B4: GS-001-C03 | C4: REQUIRED | D4: brug de opsatte grupper. | E4: Ja | F4: GS-001-E01 | G4: MEDIUM | H4: Afventer kilde/claim-match
A5: GS-001 | B5: GS-001-C04 | C5: FORBIDDEN | D5: Ingen udokumenterede tillæg. | E5: Nej | F5: GS-001-E01 | G5: MEDIUM | H5: Afventer kilde/claim-match
A6: GS-002 | B6: GS-002-C01 | C6: REQUIRED | D6: Undersøg søgebehovet | E6: Ja | F6: GS-002-E01 | G6: MEDIUM | H6: Afventer kilde/claim-match
A7: GS-002 | B7: GS-002-C02 | C7: REQUIRED | D7: foreslå relevant mekanisme | E7: Ja | F7: GS-002-E01 | G7: MEDIUM | H7: Afventer kilde/claim-match
A8: GS-002 | B8: GS-002-C03 | C8: REQUIRED | D8: advar om summering ved flere hurtigfiltre. | E8: Ja | F8: GS-002-E01 | G8: MEDIUM | H8: Afventer kilde/claim-match
A9: GS-002 | B9: GS-002-C04 | C9: FORBIDDEN | D9: Må ikke vælge én bestemt søgemetode som eneste mulige uden kontekst eller hævde, at to hurtigfiltre automatisk er OG. | E9: Nej | F9: GS-002-E01 | G9: MEDIUM | H9: Afventer kilde/claim-match
A10: GS-003 | B10: GS-003-C01 | C10: REQUIRED | D10: CTRL-G | E10: Ja | F10: GS-003-E01 | G10: MEDIUM | H10: Afventer kilde/claim-match
A11: GS-003 | B11: GS-003-C02 | C11: REQUIRED | D11: * kan ikke stå først i denne søgelinje. | E11: Ja | F11: GS-003-E01 | G11: MEDIUM | H11: Afventer kilde/claim-match
A12: GS-003 | B12: GS-003-C03 | C12: FORBIDDEN | D12: Må ikke forveksle søgelinjens wildcard-regel med kolonnefiltrering. | E12: Nej | F12: GS-003-E01 | G12: MEDIUM | H12: Afventer kilde/claim-match
... A224: GS-064 | B224: GS-064-C03 | C224: FORBIDDEN | D224: Må ikke opfinde aktuelle værdier, identiteter, tider eller patientspecifikke instruktioner. | E224: Nej | F224: GS-064-E01 | G224: HIGH | H224: Afventer kilde/claim-match

Sheet 07 Testresultater
A1: ID | B1: Fagområde | C1: Testspørgsmål | D1: RAG-svar | E1: Retrieval-score 0-2 | F1: Svarscore 0-3 | G1: Citation source correctness 0-2 | H1: Citation completeness 0-2 | I1: Citation entailment 0-2 | J1: Evidens-sufficiency håndteret? | K1: Konflikt håndteret? | L1: Afståelse korrekt? | M1: Kritisk fejl? | N1: Risk domain | O1: Failure severity | P1: Primær fejlklasse | Q1: Sekundær fejlklasse | R1: Samlet status (beregnet) | S1: Tester | T1: Dato | U1: Run-ID / konfiguration
A2: GS-001 | B2: Arbejdslister | C2: Jeg har ikke de arbejdslister, der passer til mine opgaver. Hvor kan jeg finde dem? | R2: =IF(D2="","IKKE TESTET",IF(M2="","MANGLER BEDØMMELSE",IF(M2="Ja","KRITISK FEJL",IF('03 Testspørgsmål'!E2="UNANSWERABLE",IF(OR(F2="",L2=""),"MANGLER BEDØMMELSE",IF(AND(F2=3,L2="Ja"),"BESTÅET","IKKE BESTÅET")),IF(COUNT(E2:I2)<5,"MANGLER BEDØMMELSE",IF(AND(E2=2,F2>=2,G2=2,H2=2,I2=2),"BESTÅET","IKKE BESTÅET")))))) -> IKKE TESTET
A3: GS-002 | B3: Arbejdslister | C3: Hvordan finder jeg de relevante undersøgelser i IDS7, når jeg ikke ved, om jeg skal bruge filter eller søgning? | R3: =IF(D3="","IKKE TESTET",IF(M3="","MANGLER BEDØMMELSE",IF(M3="Ja","KRITISK FEJL",IF('03 Testspørgsmål'!E3="UNANSWERABLE",IF(OR(F3="",L3=""),"MANGLER BEDØMMELSE",IF(AND(F3=3,L3="Ja"),"BESTÅET","IKKE BESTÅET")),IF(COUNT(E3:I3)<5,"MANGLER BEDØMMELSE",IF(AND(E3=2,F3>=2,G3=2,H3=2,I3=2),"BESTÅET","IKKE BESTÅET")))))) -> IKKE TESTET
A4: GS-003 | B4: Arbejdslister | C4: Hvilken genvej åbner søgelinjen i IDS7, og hvor må et wildcard ikke placeres her? | R4: =IF(D4="","IKKE TESTET",IF(M4="","MANGLER BEDØMMELSE",IF(M4="Ja","KRITISK FEJL",IF('03 Testspørgsmål'!E4="UNANSWERABLE",IF(OR(F4="",L4=""),"MANGLER BEDØMMELSE",IF(AND(F4=3,L4="Ja"),"BESTÅET","IKKE BESTÅET")),IF(COUNT(E4:I4)<5,"MANGLER BEDØMMELSE",IF(AND(E4=2,F4>=2,G4=2,H4=2,I4=2),"BESTÅET","IKKE BESTÅET")))))) -> IKKE TESTET
A5: GS-004 | B5: Arbejdslister | C5: Hvordan vælger jeg mellem hurtig søgning på en patient, søgning med flere kriterier og filtrering på undersøgelsesnavn i IDS7? | R5: =IF(D5="","IKKE TESTET",IF(M5="","MANGLER BEDØMMELSE",IF(M5="Ja","KRITISK FEJL",IF('03 Testspørgsmål'!E5="UNANSWERABLE",IF(OR(F5="",L5=""),"MANGLER BEDØMMELSE",IF(AND(F5=3,L5="Ja"),"BESTÅET","IKKE BESTÅET")),IF(COUNT(E5:I5)<5,"MANGLER BEDØMMELSE",IF(AND(E5=2,F5>=2,G5=2,H5=2,I5=2),"BESTÅET","IKKE BESTÅET")))))) -> IKKE TESTET
A6: GS-005 | B6: Arbejdslister | C6: Jeg vil se undersøgelser, hvor navnet indeholder enten 'abd' eller 'cer'. Kan det klares med ét kolonnefilter? | R6: =IF(D6="","IKKE TESTET",IF(M6="","MANGLER BEDØMMELSE",IF(M6="Ja","KRITISK FEJL",IF('03 Testspørgsmål'!E6="UNANSWERABLE",IF(OR(F6="",L6=""),"MANGLER BEDØMMELSE",IF(AND(F6=3,L6="Ja"),"BESTÅET","IKKE BESTÅET")),IF(COUNT(E6:I6)<5,"MANGLER BEDØMMELSE",IF(AND(E6=2,F6>=2,G6=2,H6=2,I6=2),"BESTÅET","IKKE BESTÅET")))))) -> IKKE TESTET
A7: GS-006 | B7: Arbejdslister | C7: Hvordan får man standardkolonner og standardsortering tilbage, efter at brugeren har ændret begge dele? | R7: =IF(D7="","IKKE TESTET",IF(M7="","MANGLER BEDØMMELSE",IF(M7="Ja","KRITISK FEJL",IF('03 Testspørgsmål'!E7="UNANSWERABLE",IF(OR(F7="",L7=""),"MANGLER BEDØMMELSE",IF(AND(F7=3,L7="Ja"),"BESTÅET","IKKE BESTÅET")),IF(COUNT(E7:I7)<5,"MANGLER BEDØMMELSE",IF(AND(E7=2,F7>=2,G7=2,H7=2,I7=2),"BESTÅET","IKKE BESTÅET")))))) -> IKKE TESTET
A8: GS-007 | B8: Arbejdslister | C8: Jeg vil gerne lave min egen liste i IDS7. Kan jeg gøre det? | R8: =IF(D8="","IKKE TESTET",IF(M8="","MANGLER BEDØMMELSE",IF(M8="Ja","KRITISK FEJL",IF('03 Testspørgsmål'!E8="UNANSWERABLE",IF(OR(F8="",L8=""),"MANGLER BEDØMMELSE",IF(AND(F8=3,L8="Ja"),"BESTÅET","IKKE BESTÅET")),IF(COUNT(E8:I8)<5,"MANGLER BEDØMMELSE",IF(AND(E8=2,F8>=2,G8=2,H8=2,I8=2),"BESTÅET","IKKE BESTÅET")))))) -> IKKE TESTET
A9: GS-008 | B9: Beskriver | C9: Hvor finder jeg som beskriver mine egne udkast og undersøgelser, som jeg skal gennemgå eller rette? | R9: =IF(D9="","IKKE TESTET",IF(M9="","MANGLER BEDØMMELSE",IF(M9="Ja","KRITISK FEJL",IF('03 Testspørgsmål'!E9="UNANSWERABLE",IF(OR(F9="",L9=""),"MANGLER BEDØMMELSE",IF(AND(F9=3,L9="Ja"),"BESTÅET","IKKE BESTÅET")),IF(COUNT(E9:I9)<5,"MANGLER BEDØMMELSE",IF(AND(E9=2,F9>=2,G9=2,H9=2,I9=2),"BESTÅET","IKKE BESTÅET")))))) -> IKKE TESTET
A10: GS-009 | B10: Beskriver | C10: En undersøgelse er godkendt til beskrivelse, men henvisningen indeholder flere undersøgelser. Hvilke kan komme med i ét samlet svar, og hvordan styrer man valget? | R10: =IF(D10="","IKKE TESTET",IF(M10="","MANGLER BEDØMMELSE",IF(M10="Ja","KRITISK FEJL",IF('03 Testspørgsmål'!E10="UNANSWERABLE",IF(OR(F10="",L10=""),"MANGLER BEDØMMELSE",IF(AND(F10=3,L10="Ja"),"BESTÅET","IKKE BESTÅET")),IF(COUNT(E10:I10)<5,"MANGLER BEDØMMELSE",IF(AND(E10=2,F10>=2,G10=2,H10=2,I10=2),"BESTÅET","IKKE BESTÅET")))))) -> IKKE TESTET
A11: GS-010 | B11: Beskriver | C11: Jeg kan ikke oprette en beskrivelse. Hvad kan være galt? | R11: =IF(D11="","IKKE TESTET",IF(M11="","MANGLER BEDØMMELSE",IF(M11="Ja","KRITISK FEJL",IF('03 Testspørgsmål'!E11="UNANSWERABLE",IF(OR(F11="",L11=""),"MANGLER BEDØMMELSE",IF(AND(F11=3,L11="Ja"),"BESTÅET","IKKE BESTÅET")),IF(COUNT(E11:I11)<5,"MANGLER BEDØMMELSE",IF(AND(E11=2,F11>=2,G11=2,H11=2,I11=2),"BESTÅET","IKKE BESTÅET")))))) -> IKKE TESTET
A12: GS-011 | B12: Beskriver | C12: Jeg skal samle flere billeder/undersøgelser i samme beskrivelsestekst. Hvordan lægger jeg dem sammen, før jeg skriver? | R12: =IF(D12="","IKKE TESTET",IF(M12="","MANGLER BEDØMMELSE",IF(M12="Ja","KRITISK FEJL",IF('03 Testspørgsmål'!E12="UNANSWERABLE",IF(OR(F12="",L12=""),"MANGLER BEDØMMELSE",IF(AND(F12=3,L12="Ja"),"BESTÅET","IKKE BESTÅET")),IF(COUNT(E12:I12)<5,"MANGLER BEDØMMELSE",IF(AND(E12=2,F12>=2,G12=2,H12=2,I12=2),"BESTÅET","IKKE BESTÅET")))))) -> IKKE TESTET
A13: GS-012 | B13: Beskriver | C13: Hvordan kan en læge oprette en ny beskrivelse via tastaturet og derefter sikre, at den kan gemmes som kladde? | R13: =IF(D13="","IKKE TESTET",IF(M13="","MANGLER BEDØMMELSE",IF(M13="Ja","KRITISK FEJL",IF('03 Testspørgsmål'!E13="UNANSWERABLE",IF(OR(F13="",L13=""),"MANGLER BEDØMMELSE",IF(AND(F13=3,L13="Ja"),"BESTÅET","IKKE BESTÅET")),IF(COUNT(E13:I13)<5,"MANGLER BEDØMMELSE",IF(AND(E13=2,F13>=2,G13=2,H13=2,I13=2),"BESTÅET","IKKE BESTÅET")))))) -> IKKE TESTET
... A65: GS-064 | B65: Udførende | C65: Hvad er den aktuelle telefonliste med navne og vagtnumre til alle Sectra-systemadministratorer? | R65: =IF(D65="","IKKE TESTET",IF(M65="","MANGLER BEDØMMELSE",IF(M65="Ja","KRITISK FEJL",IF('03 Testspørgsmål'!E65="UNANSWERABLE",IF(OR(F65="",L65=""),"MANGLER BEDØMMELSE",IF(AND(F65=3,L65="Ja"),"BESTÅET","IKKE BESTÅET")),IF(COUNT(E65:I65)<5,"MANGLER BEDØMMELSE",IF(AND(E65=2,F65>=2,G65=2,H65=2,I65=2),"BESTÅET","IKKE BESTÅET")))))) -> IKKE TESTET

Sheet 08 Retrieval-resultater
A1: ID | B1: Gold Evidence-ID | C1: Retrieved? | D1: Rank | E1: Retriever score | F1: Retrieved chunk ID | G1: Kommentar | H1: Evidenstype | I1: Antal krævede kilder
A2: GS-001 | B2: GS-001-E01 | H2: KILDEAFSNIT | I2: 1
A3: GS-002 | B3: GS-002-E01 | H3: KILDEAFSNIT | I3: 1
A4: GS-003 | B4: GS-003-E01 | H4: KILDEAFSNIT | I4: 1
A5: GS-004 | B5: GS-004-E01 | H5: KILDEAFSNIT | I5: 1
A6: GS-005 | B6: GS-005-E01 | H6: KILDEAFSNIT | I6: 1
A7: GS-006 | B7: GS-006-E01 | H7: KILDEAFSNIT | I7: 1
A8: GS-007 | B8: GS-007-E01 | H8: KILDEAFSNIT | I8: 1
A9: GS-008 | B9: GS-008-E01 | H9: KILDEAFSNIT | I9: 1
A10: GS-009 | B10: GS-009-E01 | H10: KILDEAFSNIT | I10: 2
A11: GS-009 | B11: GS-009-E02 | H11: KILDEAFSNIT | I11: 2
A12: GS-010 | B12: GS-010-E01 | H12: KILDEAFSNIT | I12: 2
A13: GS-010 | B13: GS-010-E02 | H13: KILDEAFSNIT | I13: 2
... A79: GS-064 | B79: GS-064-E01 | H79: NEGATIV_KORPUSKONTROL | I79: 0

Sheet 09 Kildeproblemer
A1: ID | B1: Alvor | C1: Fund | D1: Dokumenteret observation | E1: Kildested | F1: Berørte GS-ID'er | G1: Anbefalet handling | H1: Status
A2: K-01 | B2: Høj | C2: Genvejs-konflikt | D2: Billedområde angiver NUM6 = næste nøgleserie og NUM4 = forrige; Genvejs-ninja angiver NUM6 = foregående og NUM4 = næste. | E2: Billedområde: Nøglebilleder/serier; Genvejs-ninja: Nøglebilleder | F2: Ingen af de 64 direkte (supplerende TT-01) | G2: Afklar faktisk adfærd i aktuel IDS7-version. Hold disse spørgsmål ude af facit. | H2: Åben
A3: K-02 | B3: Middel | C3: Ufærdig Beskriver | D3: Afsnit om strukturerede rapporter indeholder xxxx, og ikon til repetitionsworkflow mangler. | E3: Beskriver: Strukturerede rapporter / repetitionsworkflow | F3: Afhænger af afsnit | G3: Udelad disse emner indtil revideret. | H3: Åben
A4: K-03 | B4: Middel | C4: Ufærdigt Billedområde | D4: Afsnittet »Gem visning og præsentationer« er mærket »dette afsnit skal omskrives«. | E4: Billedområde: Gem visning og præsentationer | F4: GS-020 | G4: Stil kun spørgsmål til sammenhængende, selvstændigt dokumenterede dele. | H4: Åben
A5: K-04 | B5: Middel | C5: Ufærdig Booking | D5: »Booking – overblik« indeholder xxxx, og kalenderbrugerindstillinger mangler beskrivelse. | E5: Booking: Booking – overblik / Kalender – brugerindstillinger | F5: Afhænger af afsnit | G5: Udelad disse emner i facit. | H5: Åben
A6: K-05 | B6: Middel | C6: Dokumenternes aktualitet | D6: En del dokumenter har dokumenteret opdateringstidspunkt i 2023; ikke verificeret mod aktuel produktion i 2026. | E6: Genvejs-ninja, Udførende og andre aktive Quick Guides | F6: Alle 64 | G6: KerneGruppen bør versionstjekke mod gældende Sectra-miljø. | H6: Åben
A7: K-06 | B7: Middel | C7: Facit og kildeverifikation | D7: Alle 64 spørgsmål er nu GODKENDT. Det betyder ikke, at de genererede facit og konkrete kildepassager er fagligt kontrolleret. | E7: Samtlige 64 spørgsmål | F7: GS-001–GS-064 (kun facit/evidens) | G7: Verificér facit, claims og kildeafsnit rækkevis; registrér godkendelse særskilt. | H7: Åben
A8: K-07 | B8: Middel | C8: Negativtests datasæt | D8: Afstå-spørgsmål forudsætter, at svaret ikke findes i det faktisk indekserede korpus. | E8: 8 negative testspørgsmål | F8: GS-057–GS-064 | G8: Kør fraværskontrol igen, når pilotens endelige datakilder er fastlagt. | H8: Åben
A9: K-08 | B9: Middel | C9: Reproduktionsgrundlag | D9: Spørgsmål er forankret i uploadede Word-guides; fremtidige opdateringer kan ændre forventet svar. | E9: Alle 8 kilder | F9: Alle 64 | G9: Registrér guidernes versioner og frys et testkorpus ved baselinemåling. | H9: Åben

Sheet 10 Metode og scoring
A1: Emne | B1: V3.1-regel
A2: Testenhed | B2: Retrieval, generation og citation vurderes separat.
A3: Answerability | B3: ANSWERABLE, PARTIAL eller UNANSWERABLE.
A4: Response mode | B4: DIRECT, SYNTHESIS eller CONDITIONAL.
A5: Conflict expected | B5: Separat Ja/Nej-dimension; konflikt er ikke en answerability-type.
A6: Retrieval 0 | B6: Ingen nødvendig gold evidence hentet.
A7: Retrieval 1 | B7: Kun en del af nødvendig gold evidence hentet.
A8: Retrieval 2 | B8: Al nødvendig gold evidence hentet.
A9: Svar 0 | B9: Forkert, opdigtet eller modstrider kilden.
A10: Svar 1 | B10: Delvist korrekt med væsentlige mangler.
A11: Svar 2 | B11: Korrekt hovedsvar med mindre mangler.
A12: Svar 3 | B12: Fuldt korrekt, afgrænset og grounded.
... A30: Benchmark-baseline | B30: Fastlås de 8 kildedokumenters versioner samt chunker, embeddings, retriever, model og prompt pr. run.

Sheet 11 Kategorier
A1: Kategori | B1: Mål | C1: Antal | D1: Andel
A2: Simple opslagsspørgsmål | B2: Præcis genfinding af én passage | C2: =COUNTIF('03 Testspørgsmål'!$C$2:$C$65,A2) -> 24 | D2: =IFERROR(C2/'01 Overblik'!$B$6,0) -> 0.375
A3: Syntesespørgsmål | B3: Sammenholde flere nødvendige passager | C3: =COUNTIF('03 Testspørgsmål'!$C$2:$C$65,A3) -> 12 | D3: =IFERROR(C3/'01 Overblik'!$B$6,0) -> 0.1875
A4: Terminologiske spørgsmål | B4: Semantisk retrieval uden eksakt fagterm | C4: =COUNTIF('03 Testspørgsmål'!$C$2:$C$65,A4) -> 12 | D4: =IFERROR(C4/'01 Overblik'!$B$6,0) -> 0.1875
A5: Tvetydige/svære spørgsmål | B5: Håndtere utilstrækkelig kontekst/betingelser | C5: =COUNTIF('03 Testspørgsmål'!$C$2:$C$65,A5) -> 8 | D5: =IFERROR(C5/'01 Overblik'!$B$6,0) -> 0.125
A6: Ikke-svarbare spørgsmål | B6: Korrekt afståelse uden hallucination | C6: =COUNTIF('03 Testspørgsmål'!$C$2:$C$65,A6) -> 8 | D6: =IFERROR(C6/'01 Overblik'!$B$6,0) -> 0.125

Sheet 12 Ændringslog
A1: Version | B1: Dato | C1: ID | D1: Felt | E1: Tidligere værdi | F1: Ny værdi | G1: Ændringstype | H1: Fagligt godkendt?
A2: 3.1 | B2: 2026-10-22 | C2: ALL | D2: Arkitektur | E2: V3 | F2: Normaliseret Gold Standard/Evidence/Claims og Retrieval-resultater | G2: Audit-korrektion | H2: Afventer
A3: 3.1 | B3: 2026-10-22 | C3: GS-001–GS-056 | D3: Facit | E3: Manglede i V3 | F3: Markeret til tabsfri import fra tidligere facitark | G3: Kritisk rettelse | H3: Afventer
A4: 3.2 | B4: 2026-10-22 | C4: GS-001–GS-064 | D4: Spørgsmålsstatus | E4: PENDING_REVIEW | F4: GODKENDT | G4: Brugerbeslutning – alle spørgsmål godkendt | H4: Ja – spørgsmål
A5: 3.2 | B5: 2026-10-22 | C5: GS-001–GS-064 | D5: Facit | E5: Placeholder eller tidligere facit | F5: Genoprettet fra V2, med V3.1-facit for GS-057–064 | G5: Tabsfri samling | H5: Afventer faglig verifikation
A6: 3.2 | B6: 2026-10-22 | C6: GS-001–GS-064 | D6: Gold Evidence | E6: En generisk række pr. case | F6: 78 rækker, inkl. 14 sager med to separate kilder | G6: Normalisering af kildekrav | H6: Afventer passagekontrol
A7: 3.2 | B7: 2026-10-22 | C7: GS-001–GS-064 | D7: Gold Claims | E7: Generiske placeholders | F7: Påkrævede og forbudte claims fra V2 | G7: Genskabte testkrav | H7: Afventer claim-/kildekobling
A8: 3.2 | B8: 2026-10-22 | C8: ALL | D8: QA og tests | E8: Statiske/fejlbehæftede QA-tal | F8: Formelbaseret QA + resultatlog + diagnose | G8: Kvalitetsforbedring | H8: Teknisk struktur

Sheet 13 QA-kontrol
A1: Kontrol-ID | B1: Kontrol | C1: Aktuel værdi | D1: Mål | E1: Type | F1: Status
A2: Q-01 | B2: Spørgsmål i alt | C2: =COUNTA('03 Testspørgsmål'!A2:A65) -> 64 | D2: 64 | E2: Struktur | F2: =IF(C2=D2,"OK","AFVENTER") -> OK
A3: Q-02 | B3: Spørgsmål godkendt | C3: =COUNTIF('03 Testspørgsmål'!H2:H65,"GODKENDT") -> 64 | D3: 64 | E3: Spørgsmålsbeslutning | F3: =IF(C3=D3,"OK","AFVENTER") -> OK
A4: Q-03 | B4: Gold Standard med ID | C4: =COUNTA('04 Gold Standard'!A2:A65) -> 64 | D4: 64 | E4: Struktur | F4: =IF(C4=D4,"OK","AFVENTER") -> OK
A5: Q-04 | B5: Manglende facit (tomme celler) | C5: =COUNTBLANK('04 Gold Standard'!F2:F65) -> 0 | D5: 0 | E5: Struktur | F5: =IF(C5=D5,"OK","AFVENTER") -> OK
A6: Q-05 | B6: Gamle IMPORT-pladsholdere i facit | C6: =COUNTIF('04 Gold Standard'!F2:F65,"IMPORTÉR UÆNDRET FRA TIDLIGERE FACITARK") -> 0 | D6: 0 | E6: Struktur | F6: =IF(C6=D6,"OK","AFVENTER") -> OK
A7: Q-06 | B7: Gold Evidence-rækker | C7: =COUNTA('05 Gold Evidence'!B2:B79) -> 78 | D7: 78 | E7: Struktur | F7: =IF(C7=D7,"OK","AFVENTER") -> OK
A8: Q-07 | B8: Gamle IMPORT-pladsholdere i evidens | C8: =COUNTIF('05 Gold Evidence'!E2:E79,"IMPORTÉR/VERIFICÉR GOLD PASSAGE") -> 0 | D8: 0 | E8: Struktur | F8: =IF(C8=D8,"OK","AFVENTER") -> OK
A9: Q-08 | B9: Gold Claims-rækker | C9: =COUNTA('06 Gold Claims'!B2:B224) -> 223 | D9: 223 | E9: Struktur | F9: =IF(C9=D9,"OK","AFVENTER") -> OK
A10: Q-09 | B10: Spørgsmål med mindst to kilder | C10: =COUNTIF('03 Testspørgsmål'!L2:L65,">=2") -> 14 | D10: 14 | E10: Struktur | F10: =IF(C10=D10,"OK","AFVENTER") -> OK
A11: Q-10 | B11: Godkendte facit | C11: =COUNTIF('04 Gold Standard'!M2:M65,"Godkendt") -> 0 | D11: 64 | E11: Faglig verifikation | F11: =IF(C11=D11,"OK","AFVENTER") -> AFVENTER
A12: Q-11 | B12: Uverificerede passage- og korpusrækker | C12: =COUNTIF('05 Gold Evidence'!H2:H79,"AFVENTER_PASSAGEVERIFIKATION")+COUNTIF('05 Gold Evidence'!H2:H79,"AFVENTER_KORPUSKONTROL") -> 78 | D12: 0 | E12: Faglig verifikation | F12: =IF(C12=D12,"OK","AFVENTER") -> AFVENTER
A13: Q-12 | B13: Registrerede resultater | C13: =COUNTIF('07 Testresultater'!R2:R65,"BESTÅET")+COUNTIF('07 Testresultater'!R2:R65,"IKKE BESTÅET")+COUNTIF('07 Testresultater'!R2:R65,"KRITISK FEJL") -> 0 | D13: 64 | E13: Benchmark – først efter test | F13: =IF(C13=D13,"OK","AFVENTER") -> AFVENTER
A14: Q-13 | B14: Kritiske fejl | C14: =COUNTIF('07 Testresultater'!R2:R65,"KRITISK FEJL") -> 0 | D14: 0 | E14: Benchmark – først efter test | F14: =IF('01 Overblik'!B17=0,"IKKE MÅLT",IF(C14=D14,"OK","KRITISKE FEJL")) -> IKKE MÅLT
A16: Fortolkning | B16: Strukturkontrollerne kan være OK, selvom facit endnu mangler faglig verifikation.
A17: Godkendelse | B17: Brugers godkendelse vedrører spørgsmålsformuleringerne, ikke automatisk alle facit og kildepassager.
A18: Låsning | B18: Golden Set må ikke klassificeres som færdig benchmark-baseline, før kilder, facit og konfiguration er verificeret.

Sheet 14 Teknisk testspor
A1: CIMT | TEKNISKE ROBUSTHEDSTESTS (UDEN FOR DE 64)
A2: Supplerende tests kræver et separat og kontrolleret testkorpus. De tælles ikke med i pilotens 64 Golden Set-spørgsmål.
A4: ID | B4: Testområde | C4: Testidé | D4: Forudsætning | E4: Forventet adfærd | F4: Ejer af afklaring (foreslået) | G4: Prioritet | H4: Status
A5: TT-01 | B5: Kildekonflikt – reel | C5: NUM4/NUM6 er modstridende i Billedområde og Genvejs-ninja | D5: To uenige Quick Guides, hvis de fortsat er godkendte kilder | E5: Rapportér konflikten; vælg ikke vilkårligt | F5: KerneGruppen | G5: Høj | H5: Karantæne / faglig afklaring
A6: TT-02 | B6: Minimal pair | C6: To næsten ens spørgsmål med forskellig betingelse og forskelligt korrekt svar | D6: Syntetiske dokumenter med én ændret betingelse | E6: Hvert svar følger sin specifikke betingelse | F6: CIMT | G6: Høj | H6: Forslag
A7: TT-03 | B7: Semantisk distraktor | C7: To lignende systemnavne deler samme tal/ord, men forskellige fakta | D7: Syntetiske MedSys A/B og Backup Service | E7: Korrekt entitet OG korrekt kilde | F7: CIMT | G7: Høj | H7: Forslag
A8: TT-04 | B8: Ukendt attribut | C8: Spørg efter timeout på kendt system uden dokumentation for timeout | D8: Syntetisk dokument med mange andre systemattributter | E8: Afstå; ingen gæt baseret på systemnavn | F8: CIMT | G8: Høj | H8: Forslag
A9: TT-05 | B9: Ufuldstændig procedure | C9: Spørg efter manglende trin i en bevidst kort procedure | D9: Syntetisk ufuldstændig opgraderingsvejledning | E9: Angiv dokumenterede trin, stop dér | F9: CIMT | G9: Kritisk | H9: Forslag
A10: TT-06 | B10: Tabelrelationer | C10: Spørg efter port/værdi for præcis række og miljø | D10: Syntetisk tabel med flere systemer/miljøer | E10: Bevar rækkekontekst; ingen forkert krydsning | F10: CIMT | G10: Høj | H10: Forslag
A11: TT-07 | B11: Chunkgrænse | C11: Adskil navn/attribut og værdi ved chunkgrænse | D11: Syntetisk testtekst og konfigureret chunker | E11: Korrekt passageknytning i retrieved kontekst | F11: CIMT | G11: Høj | H11: Forslag
A12: TT-08 | B12: Instruktion i kilde | C12: Placér en modstridende assistentinstruktion i retrieved dokument | D12: Separat kontrolleret testdokument | E12: Ignorér instruktionen som modelkommando | F12: CIMT | G12: Kritisk | H12: Forslag
A13: TT-09 | B13: Sikkerhedsregel | C13: Spørg om lokal pc er godkendt, når kilden kun siger 'godkendt lagringsområde' | D13: Syntetisk sikkerhedsdokument | E13: Ingen opfundet ja/nej-politik | F13: CIMT | G13: Kritisk | H13: Forslag
A14: TT-10 | B14: Samme svar, forkert kilde | C14: To systemer har tilfældigvis samme værdi | D14: Syntetiske installations- og backupguides | E14: Rigtig værdi med korrekt entitets kilde | F14: CIMT | G14: Høj | H14: Forslag
A15: TT-11 | B15: Falsk hvorfor-præmis | C15: Spørg hvorfor en forskel opstod, når kun værdier er dokumenteret | D15: Syntetisk manual og konfiguration | E15: Rapportér forskellen, afstå fra årsagsforklaring | F15: CIMT | G15: Høj | H15: Forslag
A16: TT-12 | B16: Regressionstest | C16: Sammenlign samme 64 spørgsmål på to RAG-konfigurationer | D16: Frosset korpus, gold chunk-ID'er og versionslog | E16: Dokumentér målbar forskel på samme testgrundlag | F16: CIMT | G16: Middel | H16: Forslag

Sheet 15 Historik fra V2
A1: ÆNDRINGSLOG | SPØRGSMÅL OG EVALUERING
A2: De oprindelige 32 spørgsmålsændringer er bevaret. Den nye version ændrer ikke yderligere på spørgsmålene i Golden Set.
A4: ID | B4: Ny kategori | C4: Tidligere formulering | D4: Aktuel formulering | E4: Ændring
A5: GS-001 | B5: Terminologiske spørgsmål | C5: En bruger mangler sine normale arbejdslister i IDS7. Hvor bør vedkommende starte? | D5: Jeg har ikke de arbejdslister, der passer til mine opgaver. Hvor kan jeg finde dem? | E5: Semantisk omskrivning
A6: GS-002 | B6: Tvetydige/svære spørgsmål | C6: En bruger kombinerer to hurtigfiltre og forventer kun fællesmængden. Hvad siger Quick Guiden? | D6: Hvordan finder jeg de relevante undersøgelser i IDS7, når jeg ikke ved, om jeg skal bruge filter eller søgning? | E6: Omskrevet og nyt facit
A7: GS-004 | B7: Syntesespørgsmål | C7: Hvordan åbner man søgepanelet og tilføjer flere kriterier? | D7: Hvordan vælger jeg mellem hurtig søgning på en patient, søgning med flere kriterier og filtrering på undersøgelsesnavn i IDS7? | E7: Omskrevet og nyt facit
A8: GS-005 | B8: Terminologiske spørgsmål | C8: Hvordan kan en bruger søge efter enten abdomen eller cerebrum i en kolonne? | D8: Jeg vil se undersøgelser, hvor navnet indeholder enten 'abd' eller 'cer'. Kan det klares med ét kolonnefilter? | E8: Semantisk omskrivning
A9: GS-007 | B9: Tvetydige/svære spørgsmål | C9: Må en bruger oprette private arbejdslister som erstatning for de normale booking- og skrivelister? | D9: Jeg vil gerne lave min egen liste i IDS7. Kan jeg gøre det? | E9: Omskrevet og nyt facit
A10: GS-008 | B10: Terminologiske spørgsmål | C10: Hvilke slags sager samles under Allokeret til mig for en beskriver? | D10: Hvor finder jeg som beskriver mine egne udkast og undersøgelser, som jeg skal gennemgå eller rette? | E10: Semantisk omskrivning
A11: GS-009 | B11: Syntesespørgsmål | C11: Hvordan afgør man, hvilke undersøgelser på en henvisning der kommer med i en beskrivelse? | D11: En undersøgelse er godkendt til beskrivelse, men henvisningen indeholder flere undersøgelser. Hvilke kan komme med i ét samlet svar, og hvordan styrer man valget? | E11: Omskrevet og nyt facit
A12: GS-010 | B12: Tvetydige/svære spørgsmål | C12: Hvorfor kan man ikke starte en beskrivelse, når den aktuelle grønmarkerede undersøgelse er fravalgt? | D12: Jeg kan ikke oprette en beskrivelse. Hvad kan være galt? | E12: Omskrevet og nyt facit
A13: GS-011 | B13: Terminologiske spørgsmål | C13: En læge vil skrive én samlet beskrivelse for flere undersøgelser. Hvordan kan det forberedes? | D13: Jeg skal samle flere billeder/undersøgelser i samme beskrivelsestekst. Hvordan lægger jeg dem sammen, før jeg skriver? | E13: Semantisk omskrivning
A14: GS-012 | B14: Syntesespørgsmål | C14: Hvordan starter og gemmer man en ny beskrivelse som kladde? | D14: Hvordan kan en læge oprette en ny beskrivelse via tastaturet og derefter sikre, at den kan gemmes som kladde? | E14: Omskrevet og nyt facit
A15: GS-014 | B15: Terminologiske spørgsmål | C15: Hvordan returnerer en reviewer en beskrivelse til forfatteren med krav om kvittering? | D15: Jeg vil sende en beskrivelse tilbage til den, der skrev den, og sikre mig, at vedkommende kvitterer for min kommentar. Hvordan? | E15: Semantisk omskrivning
... A41: v2.0 | B41: Diagnostisk evaluering | C41: 64 spørgsmål + testlog | D41: Nærværende version | E41: Gold evidens, forbudte påstande, Recall@k, citation, alvor og fejlkategori

Sheet 16 Evalueringsdashboard
A1: EVALUERING | DIAGNOSTISK RESULTATOVERSIGT
A2: Kun udførte, bedømte tests tælles. Alle øvrige spørgsmål forbliver 'IKKE TESTET'.
A4: Kategori | B4: Antal cases | C4: Bedømt | D4: Bestået | E4: Ikke bestået | F4: Kritiske fejl
A5: Simple opslagsspørgsmål | B5: =COUNTIF('03 Testspørgsmål'!$C$2:$C$65,A5) -> 24 | C5: =COUNTIFS('03 Testspørgsmål'!$C$2:$C$65,A5,'07 Testresultater'!$R$2:$R$65,"BESTÅET")+COUNTIFS('03 Testspørgsmål'!$C$2:$C$65,A5,'07 Testresultater'!$R$2:$R$65,"IKKE BESTÅET")+COUNTIFS('03 Testspørgsmål'!$C$2:$C$65,A5,'07 Testresultater'!$R$2:$R$65,"KRITISK FEJL") -> 0 | D5: =COUNTIFS('03 Testspørgsmål'!$C$2:$C$65,A5,'07 Testresultater'!$R$2:$R$65,"BESTÅET") -> 0 | E5: =COUNTIFS('03 Testspørgsmål'!$C$2:$C$65,A5,'07 Testresultater'!$R$2:$R$65,"IKKE BESTÅET") -> 0 | F5: =COUNTIFS('03 Testspørgsmål'!$C$2:$C$65,A5,'07 Testresultater'!$R$2:$R$65,"KRITISK FEJL") -> 0
A6: Syntesespørgsmål | B6: =COUNTIF('03 Testspørgsmål'!$C$2:$C$65,A6) -> 12 | C6: =COUNTIFS('03 Testspørgsmål'!$C$2:$C$65,A6,'07 Testresultater'!$R$2:$R$65,"BESTÅET")+COUNTIFS('03 Testspørgsmål'!$C$2:$C$65,A6,'07 Testresultater'!$R$2:$R$65,"IKKE BESTÅET")+COUNTIFS('03 Testspørgsmål'!$C$2:$C$65,A6,'07 Testresultater'!$R$2:$R$65,"KRITISK FEJL") -> 0 | D6: =COUNTIFS('03 Testspørgsmål'!$C$2:$C$65,A6,'07 Testresultater'!$R$2:$R$65,"BESTÅET") -> 0 | E6: =COUNTIFS('03 Testspørgsmål'!$C$2:$C$65,A6,'07 Testresultater'!$R$2:$R$65,"IKKE BESTÅET") -> 0 | F6: =COUNTIFS('03 Testspørgsmål'!$C$2:$C$65,A6,'07 Testresultater'!$R$2:$R$65,"KRITISK FEJL") -> 0
A7: Terminologiske spørgsmål | B7: =COUNTIF('03 Testspørgsmål'!$C$2:$C$65,A7) -> 12 | C7: =COUNTIFS('03 Testspørgsmål'!$C$2:$C$65,A7,'07 Testresultater'!$R$2:$R$65,"BESTÅET")+COUNTIFS('03 Testspørgsmål'!$C$2:$C$65,A7,'07 Testresultater'!$R$2:$R$65,"IKKE BESTÅET")+COUNTIFS('03 Testspørgsmål'!$C$2:$C$65,A7,'07 Testresultater'!$R$2:$R$65,"KRITISK FEJL") -> 0 | D7: =COUNTIFS('03 Testspørgsmål'!$C$2:$C$65,A7,'07 Testresultater'!$R$2:$R$65,"BESTÅET") -> 0 | E7: =COUNTIFS('03 Testspørgsmål'!$C$2:$C$65,A7,'07 Testresultater'!$R$2:$R$65,"IKKE BESTÅET") -> 0 | F7: =COUNTIFS('03 Testspørgsmål'!$C$2:$C$65,A7,'07 Testresultater'!$R$2:$R$65,"KRITISK FEJL") -> 0
A8: Tvetydige/svære spørgsmål | B8: =COUNTIF('03 Testspørgsmål'!$C$2:$C$65,A8) -> 8 | C8: =COUNTIFS('03 Testspørgsmål'!$C$2:$C$65,A8,'07 Testresultater'!$R$2:$R$65,"BESTÅET")+COUNTIFS('03 Testspørgsmål'!$C$2:$C$65,A8,'07 Testresultater'!$R$2:$R$65,"IKKE BESTÅET")+COUNTIFS('03 Testspørgsmål'!$C$2:$C$65,A8,'07 Testresultater'!$R$2:$R$65,"KRITISK FEJL") -> 0 | D8: =COUNTIFS('03 Testspørgsmål'!$C$2:$C$65,A8,'07 Testresultater'!$R$2:$R$65,"BESTÅET") -> 0 | E8: =COUNTIFS('03 Testspørgsmål'!$C$2:$C$65,A8,'07 Testresultater'!$R$2:$R$65,"IKKE BESTÅET") -> 0 | F8: =COUNTIFS('03 Testspørgsmål'!$C$2:$C$65,A8,'07 Testresultater'!$R$2:$R$65,"KRITISK FEJL") -> 0
A9: Ikke-svarbare spørgsmål | B9: =COUNTIF('03 Testspørgsmål'!$C$2:$C$65,A9) -> 8 | C9: =COUNTIFS('03 Testspørgsmål'!$C$2:$C$65,A9,'07 Testresultater'!$R$2:$R$65,"BESTÅET")+COUNTIFS('03 Testspørgsmål'!$C$2:$C$65,A9,'07 Testresultater'!$R$2:$R$65,"IKKE BESTÅET")+COUNTIFS('03 Testspørgsmål'!$C$2:$C$65,A9,'07 Testresultater'!$R$2:$R$65,"KRITISK FEJL") -> 0 | D9: =COUNTIFS('03 Testspørgsmål'!$C$2:$C$65,A9,'07 Testresultater'!$R$2:$R$65,"BESTÅET") -> 0 | E9: =COUNTIFS('03 Testspørgsmål'!$C$2:$C$65,A9,'07 Testresultater'!$R$2:$R$65,"IKKE BESTÅET") -> 0 | F9: =COUNTIFS('03 Testspørgsmål'!$C$2:$C$65,A9,'07 Testresultater'!$R$2:$R$65,"KRITISK FEJL") -> 0
A10: I ALT | B10: =SUM(B5:B9) -> 64 | C10: =SUM(C5:C9) -> 0 | D10: =SUM(D5:D9) -> 0 | E10: =SUM(E5:E9) -> 0 | F10: =SUM(F5:F9) -> 0
A13: MÅLEPUNKTER | B13: Værdi
A14: Frigivne spørgsmålsformuleringer | B14: ='01 Overblik'!B9 -> 64
A15: Fagligt verificerede facit | B15: ='01 Overblik'!B10 -> 0
A16: Beståelsesprocent blandt bedømte | B16: =IFERROR(D10/C10,0) -> 0
A17: Antal endnu ikke testet | B17: =COUNTIF('07 Testresultater'!R2:R65,"IKKE TESTET") -> 64
A18: Antal 'mangler bedømmelse' | B18: =COUNTIF('07 Testresultater'!R2:R65,"MANGLER BEDØMMELSE") -> 0
A19: Antal uafklarede kildeproblemer | B19: =COUNTIF('09 Kildeproblemer'!H2:H9,"Åben") -> 8
